<!--<configuration scan="true" scanPeriod="2 seconds"> -->
<configuration scan="true">

	<!-- <property name="LOG_LEVEL" value="DEBUG"/> -->

  <appender name="STDOUT" class="ch.qos.logback.core.ConsoleAppender">
	<encoder>
	  <pattern>%d{HH:mm:ss.SSS} [%thread] %-5level %logger{36} - %msg%n</pattern>
	</encoder>
  </appender>
  
  <property name="LOG_FILE" value="Praecepta-choreographic-rules-engine" />
  
	<appender name="FILE" class="ch.qos.logback.core.rolling.RollingFileAppender">
		<file>log\${LOG_FILE}.log</file>
		<rollingPolicy class="ch.qos.logback.core.rolling.TimeBasedRollingPolicy">
			<!-- daily rollover -->
			<fileNamePattern>${LOG_FILE}.%d{yyyy-MM-dd}.gz</fileNamePattern>

			<!-- keep 30 days' worth of history capped at 3GB total size -->
			<maxHistory>30</maxHistory>
			<totalSizeCap>3GB</totalSizeCap>
		</rollingPolicy>
		<encoder>
			<pattern>%d{HH:mm:ss.SSS} [%thread] %-5level %logger{36} - %msg%n</pattern>
		</encoder>
	</appender> 

  <root level="${LOG_LEVEL:-INFO}">
    <appender-ref ref="STDOUT" />
  </root>
  
  <root level="${LOG_LEVEL:-INFO}">
    <appender-ref ref="FILE" />
  </root>
</configuration>